{
  "info": {
    "name": "JavaJAM",
    "app_version": {
      "major": 0,
      "minor": 2,
      "patch": 10
    },
    "jam_version": {
      "major": 0,
      "minor": 7,
      "patch": 0
    }
  },
  "stats": {
    "steps": 100,
    "imported": 100,
    "import_max_step": 13,
    "import_min": 10.095158999999999,
    "import_max": 108.445897,
    "import_mean": 57.53031533000001,
    "import_p50": 91.53,
    "import_p75": 92.507,
    "import_p90": 92.871,
    "import_p99": 94.061,
    "import_std_dev": 40.771370870687356
  }
}
