{
  "info": {
    "name": "JavaJAM",
    "app_version": {
      "major": 0,
      "minor": 2,
      "patch": 6
    },
    "jam_version": {
      "major": 0,
      "minor": 7,
      "patch": 0
    }
  },
  "stats": {
    "steps": 100,
    "imported": 100,
    "import_max_step": 60,
    "import_min": 16.470307,
    "import_max": 607.158418,
    "import_mean": 119.90896583000001,
    "import_p50": 112.423,
    "import_p75": 115.591,
    "import_p90": 125.384,
    "import_p99": 604.072,
    "import_std_dev": 148.736318079974
  }
}
