{
  "info": {
    "name": "JavaJAM",
    "app_version": {
      "major": 0,
      "minor": 2,
      "patch": 7
    },
    "jam_version": {
      "major": 0,
      "minor": 7,
      "patch": 0
    }
  },
  "stats": {
    "steps": 100,
    "imported": 100,
    "import_max_step": 96,
    "import_min": 16.522975,
    "import_max": 604.503637,
    "import_mean": 120.09717823999998,
    "import_p50": 113.15,
    "import_p75": 114.176,
    "import_p90": 123.246,
    "import_p99": 603.773,
    "import_std_dev": 149.851095427579
  }
}
