{
  "info": {
    "name": "JavaJAM",
    "app_version": {
      "major": 0,
      "minor": 2,
      "patch": 7
    },
    "jam_version": {
      "major": 0,
      "minor": 7,
      "patch": 0
    }
  },
  "stats": {
    "steps": 100,
    "imported": 100,
    "import_max_step": 60,
    "import_min": 16.429909,
    "import_max": 748.269387,
    "import_mean": 105.45314590999998,
    "import_p50": 55.112,
    "import_p75": 87.133,
    "import_p90": 148.402,
    "import_p99": 639.366,
    "import_std_dev": 165.14622138035023
  }
}
