{
  "info": {
    "name": "JavaJAM",
    "app_version": {
      "major": 0,
      "minor": 2,
      "patch": 6
    },
    "jam_version": {
      "major": 0,
      "minor": 7,
      "patch": 0
    }
  },
  "stats": {
    "steps": 100,
    "imported": 100,
    "import_max_step": 60,
    "import_min": 18.236133000000002,
    "import_max": 954.0935619999999,
    "import_mean": 153.25037993000004,
    "import_p50": 80.688,
    "import_p75": 169.15,
    "import_p90": 359.188,
    "import_p99": 673.183,
    "import_std_dev": 189.82438955349687
  }
}
