{
  "info": {
    "name": "JavaJAM",
    "app_version": {
      "major": 0,
      "minor": 2,
      "patch": 7
    },
    "jam_version": {
      "major": 0,
      "minor": 7,
      "patch": 0
    }
  },
  "stats": {
    "steps": 100,
    "imported": 100,
    "import_max_step": 96,
    "import_min": 18.918562,
    "import_max": 880.766836,
    "import_mean": 175.9812486199999,
    "import_p50": 124.103,
    "import_p75": 233.967,
    "import_p90": 372.188,
    "import_p99": 636.591,
    "import_std_dev": 187.23252418291034
  }
}
