{
    "config": {
        "seed": "42",
        "profile": {
            "Empty": null
        },
        "safrole": false,
        "max_work_items": 1,
        "max_service_keys": 10,
        "mutation_ratio": 0.0,
        "max_mutations": 3,
        "max_steps": 10000
    },
    "stats": {
        "steps": 1,
        "imported": 1,
        "import_max_step": 1,
        "import_min": 8.358803,
        "import_max": 8.358803,
        "import_mean": 8.358803,
        "import_p50": 8.358803,
        "import_p75": 0.0,
        "import_p90": 8.358803,
        "import_p99": 0.0,
        "import_std_dev": 0.0
    },
    "target": {
        "info": {
            "name": "jam-duna-target-0.7.0.3",
            "app_version": {
                "major": 0,
                "minor": 7,
                "patch": 0
            },
            "jam_version": {
                "major": 0,
                "minor": 7,
                "patch": 0
            }
        },
        "stats": {
            "steps": 1,
            "imported": 1,
            "import_max_step": 1,
            "import_min": 2.847262,
            "import_max": 2.847262,
            "import_mean": 2.847262,
            "import_p50": 2.847262,
            "import_p75": 0.0,
            "import_p90": 2.847262,
            "import_p99": 0.0,
            "import_std_dev": 0.0
        }
    },
    "diff": {
        "roots": {
            "exp": "0xd47bfae5854b14290c081ed473456dc0fadf04bdbe8c23fc9adaa6e6fe390f43",
            "got": "0xa1496b30f273d38986c4a8a6c995335d719d9ff3b5ed38e199088d6a0ab968a7"
        },
        "keyvals": [
            {
                "key": "0x0d000000000000000000000000000000000000000000000000000000000000",
                "diff": {
                    "exp": "0x010000000000000000000000000000000300000008000000000000000000000000000000000000000400000006000000010000000000000000000000000000000400000007000000030000000000000000000000000000000300000007000000020000000000000000000000000000000300000007000000020000000000000003000000269103000400000006000000000000000000000000000000000000000000000000000000000000000000000000000000000000000000000000000000000000000000000000000000000000000000000000000000000000000000000000000000000000000000000000000000000000000000000000000000000000000000000000000000000000000000000000000000000000000000000000000000000300000000000080ed050000000080ed88e901faa6db6b00000188e90000000001c0c2590000",
                    "got": "0x010000000000000000000000000000000300000008000000000000000000000000000000000000000400000006000000010000000000000000000000000000000400000007000000030000000000000000000000000000000300000007000000020000000000000000000000000000000300000007000000020000000000000003000000269103000400000006000000000000000000000000000000000000000000000000000000000000000000000000000000000000000000000000000000000000000000000000000000000000000000000000000000000000000000000000000000000000000000000000000000000000000000000000000000000000000000000000000000000000000000000000000000000000000000000000000000000300000000000080ed050000000080ed88e901faa6db6b00000188e90000000001a20c0000"
                }
            },
            {
                "key": "0xfa22a68bdb536ba31d9fe6cdba6da45e173695d99a7d8474aa8abfba21ca07",
                "diff": {
                    "exp": "0x20c66e2745966b4e123809c843f0461394ce8c00df7db6e167614676a569fae4c6",
                    "got": "0x"
                }
            },
            {
                "key": "0xfa6da6b3db316bcc92b710d90e1b0534eef6dc7d7bc6c44aafebf7212f7c7c",
                "diff": {
                    "exp": "0x01000000020000000300000004000000",
                    "got": "0x"
                }
            },
            {
                "key": "0xfa88a640db096b7247ff8a219c4e6a6f020aa998bc8147f11af66f0ce17179",
                "diff": {
                    "exp": "0x05",
                    "got": "0x"
                }
            },
            {
                "key": "0xfa8ea626db4e6b8f29a461f8df4e2eb581d5d6416d011dd2ca3793fa4e263b",
                "diff": {
                    "exp": "0x040403746d700504657865630a09636f64655f686173680b0a696e76616c69642d6863",
                    "got": "0x"
                }
            },
            {
                "key": "0xfab9a6d9dbdd6b9ba3c248ce296dbd139415fbf6d7de85cadd02dffdcb2e8e",
                "diff": {
                    "exp": "0x01feffffffffffffff",
                    "got": "0x"
                }
            },
            {
                "key": "0xfffa00a600db006b0000000000000000000000000000000000000000000000",
                "diff": {
                    "exp": "0xc66e2745966b4e123809c843f0461394ce8c00df7db6e167614676a569fae4c6b0ab01000000000010270000000000001027000000000000e131010000000000000000000000000007000000040000000900000000000000",
                    "got": "0xc66e2745966b4e123809c843f0461394ce8c00df7db6e167614676a569fae4c6b0ab01000000000010270000000000001027000000000000b330010000000000000000000000000002000000040000000900000000000000"
                }
            }
        ]
    }
}
