{
    "config": {
        "seed": "42",
        "profile": {
            "Empty": null
        },
        "safrole": false,
        "max_work_items": 1,
        "max_service_keys": 10,
        "mutation_ratio": 0.0,
        "max_mutations": 3,
        "max_steps": 10000
    },
    "stats": {
        "steps": 1,
        "imported": 1,
        "import_max_step": 1,
        "import_min": 181.904119,
        "import_max": 181.904119,
        "import_mean": 181.904119,
        "import_p50": 181.904119,
        "import_p75": 0.0,
        "import_p90": 181.904119,
        "import_p99": 0.0,
        "import_std_dev": 0.0
    },
    "target": {
        "info": {
            "name": "tsjam-0.7.0-tiny",
            "app_version": {
                "major": 0,
                "minor": 7,
                "patch": 0
            },
            "jam_version": {
                "major": 0,
                "minor": 7,
                "patch": 0
            }
        },
        "stats": {
            "steps": 1,
            "imported": 0,
            "import_max_step": 0,
            "import_min": 0.0,
            "import_max": 0.0,
            "import_mean": 0.0,
            "import_p50": 0.0,
            "import_p75": 0.0,
            "import_p90": 0.0,
            "import_p99": 0.0,
            "import_std_dev": 0.0
        }
    },
    "diff": {
        "roots": {
            "exp": "0x277bfbd9d104fbef110518021ab69389bb76c18c3c11b45badafa63989d1f669",
            "got": "0x88f6080fb3a2d1543f6ad52762a4bb43d3ed55afd757ace1d539111ab7083068"
        },
        "keyvals": [
            {
                "key": "0x03000000000000000000000000000000000000000000000000000000000000",
                "diff": {
                    "exp": "0x0855cca4cec5d65fc77e86e8afefe329539e4f68fe9ca06d72708c3463319eaf7526552779bfd15c6fb1fb9c2811f578d8edc6faa9ed1d5dfd10cf3ea5845acbcea147d6b9574ac6274bef585cb314c95a80e4eff5abae4fd7f75bd4541940857701fe545ac2ce8b50ebb2f0a7bb9b734a14ffe97eb32809deedb395b8aa642baf640000000000000000000000000000000000000000000000000000000000000000f7993f3856bd2f54d3fa2ce73c573a09db89a744c423837921ced4c5a29d3a4f89b27c131c7c9142c6c92d3f67efb692cae6999e87623fc054c1e8e5f69ea5ee43b70e66db0c646f597f2b31f828676b7e1cc11e752ac5355c3efaaee22494fe0189d51095317681eb1d83f00355750358fba98849917344c2944ce0ea456aca6900000000000000000000000000000000000000000000000000000000000000009ea41ba0074d7f488a8c339e8447371c8c416e440f8796f58dffe6e464096a2c3e840cddafefdf31ed122507eaf7ae678e5b169cfa00424c9b88e621c3a2330b961ae730da0c19e47644c6700bcca63551dbcacb2b90459d085b5e9c40fb534001b7cf35cb415150b62bc61ee30cef899f0c3cf24e04bdf107aa881e22dca9b30c0000000000000000000000000000000000000000000000000000000000000000f7420ead1d3bd4cd083f8bdccef880b41ef6da19291d17b5f804e9bda2e17b4870be82e4d994259e177182911deb2a3b89623920d17f8684a4463bb427db34b37f0c866aa639a5ea8e99677c9d482d7d7de6bed3c27e741916a4bd9c1870535500142dfa2e173c3b085caf8d7967ee44add7b4388ef5c9c288690f5c5d67fec1bfd7529513b8d65b555033c8528f470eba8de38c473e6eca65f258dee612233b83f7120260408a09f9b70b2876e97436e7cb76325d5e9b9cc418918f987c29551802118472cf1d299749f0e1f97d7d7a17b9fe58ead3e1b1fb144ec811a8733789850000000000000000000000000000000000000000000000000000000000000000dde84df5ba7bdfd34b2c52261d60f9b39f0783899332dd9760b43901576892b900000000000000000000000000000000000000000000000000000000000000001579d7675a01a52d3da2d0ba0b396a0f363cd3dbd006ff90f3b76b9dfc8e4c72d812466ce495cbeed8bf76111cd2ffa405cf68c8886c1dfcb8d6b2655c6fe0663afa3b90ebe8179fde8cb85d0cb27125523294a3e18e152b0fb0d1aa7d67fcde01ca832323e61e45d06d6d938f21dd33dc62bd764afc508a32f57364f8ad80215700000000000000000000000000000000000000000000000000000000000000000891151b316314c95a5d13e21d695d481a4fcd51ea4c94205ffad0579cb1a14b2ae46cca678d5da85a72cd2accb0d0766565548bd3665725b29013a1e5659ab288f6080fb3a2d1543f6ad52762a4bb43d3ed55afd757ace1d539111ab708306801a2862c2c738937534a98378c7a9d672f825ab80b75711e1b42a92653365b0c6e00000000000000000000000000000000000000000000000000000000000000001f81a7e9d80fbec5ec36876c28348e752fda72c44b6779fc00793811914079fad33299c948c9380d267ea612e9330155804dabb6df05d9cbcf2bee88c8faa955000000000000000000000000000000000000000000000000000000000000000001d059bb710e0e90567fe7b84e146a4a6f5056620914b555f5f4bfce7e8ac1243f0000000000000000000000000000000000000000000000000000000000000000060001ad3228b676f7d3cd4284a5443f17f1962b36e491b30a40b2405849e597ba5fb5000121ddb9a356815c3fac1026b6dec5df3124afbadb485c9ba5a3e3398a04b7ba8500010eb01ebfc9ed27500cd4dfc979272d1f0913cc9f66540d7e8005811109e1cf2d",
                    "got": "0x08f7decd87f07730708bfa157bf5cd694318db4d429bc1f487aeab9ad2b183da90537dfaea6d2cb21e84a9a90ada2242432d024d7352fbb7612424853609145cd6acd8060f318ec3f0b977da4668a31c902fd4894ad16ceaf221336376cbd071a6016de9174b26dcbad97df657a88e94f5eab8572c499c7fa67db91705b6df427f4e000000000000000000000000000000000000000000000000000000000000000055cca4cec5d65fc77e86e8afefe329539e4f68fe9ca06d72708c3463319eaf7526552779bfd15c6fb1fb9c2811f578d8edc6faa9ed1d5dfd10cf3ea5845acbcea147d6b9574ac6274bef585cb314c95a80e4eff5abae4fd7f75bd4541940857701fe545ac2ce8b50ebb2f0a7bb9b734a14ffe97eb32809deedb395b8aa642baf640000000000000000000000000000000000000000000000000000000000000000f7993f3856bd2f54d3fa2ce73c573a09db89a744c423837921ced4c5a29d3a4f89b27c131c7c9142c6c92d3f67efb692cae6999e87623fc054c1e8e5f69ea5ee43b70e66db0c646f597f2b31f828676b7e1cc11e752ac5355c3efaaee22494fe0189d51095317681eb1d83f00355750358fba98849917344c2944ce0ea456aca6900000000000000000000000000000000000000000000000000000000000000009ea41ba0074d7f488a8c339e8447371c8c416e440f8796f58dffe6e464096a2c3e840cddafefdf31ed122507eaf7ae678e5b169cfa00424c9b88e621c3a2330b961ae730da0c19e47644c6700bcca63551dbcacb2b90459d085b5e9c40fb534001b7cf35cb415150b62bc61ee30cef899f0c3cf24e04bdf107aa881e22dca9b30c0000000000000000000000000000000000000000000000000000000000000000f7420ead1d3bd4cd083f8bdccef880b41ef6da19291d17b5f804e9bda2e17b4870be82e4d994259e177182911deb2a3b89623920d17f8684a4463bb427db34b37f0c866aa639a5ea8e99677c9d482d7d7de6bed3c27e741916a4bd9c1870535500142dfa2e173c3b085caf8d7967ee44add7b4388ef5c9c288690f5c5d67fec1bfd7529513b8d65b555033c8528f470eba8de38c473e6eca65f258dee612233b83f7120260408a09f9b70b2876e97436e7cb76325d5e9b9cc418918f987c29551802118472cf1d299749f0e1f97d7d7a17b9fe58ead3e1b1fb144ec811a8733789850000000000000000000000000000000000000000000000000000000000000000dde84df5ba7bdfd34b2c52261d60f9b39f0783899332dd9760b43901576892b900000000000000000000000000000000000000000000000000000000000000001579d7675a01a52d3da2d0ba0b396a0f363cd3dbd006ff90f3b76b9dfc8e4c72d812466ce495cbeed8bf76111cd2ffa405cf68c8886c1dfcb8d6b2655c6fe0663afa3b90ebe8179fde8cb85d0cb27125523294a3e18e152b0fb0d1aa7d67fcde01ca832323e61e45d06d6d938f21dd33dc62bd764afc508a32f57364f8ad80215700000000000000000000000000000000000000000000000000000000000000000891151b316314c95a5d13e21d695d481a4fcd51ea4c94205ffad0579cb1a14b2ae46cca678d5da85a72cd2accb0d0766565548bd3665725b29013a1e5659ab2000000000000000000000000000000000000000000000000000000000000000001a2862c2c738937534a98378c7a9d672f825ab80b75711e1b42a92653365b0c6e00000000000000000000000000000000000000000000000000000000000000000601000000000000000000000000000000000000000000000000000000000000000000000121ddb9a356815c3fac1026b6dec5df3124afbadb485c9ba5a3e3398a04b7ba8500010eb01ebfc9ed27500cd4dfc979272d1f0913cc9f66540d7e8005811109e1cf2d"
                }
            },
            {
                "key": "0x06000000000000000000000000000000000000000000000000000000000000",
                "diff": {
                    "exp": "0xac89b548efbafe311472489e4e03fc6a917c392925dfd8c65638eaaa195bd26f70ef0bcb4f78f0b30c647a74b1762318413d279a6723b8f0d9ebfbee34a504ff20265a5e149cf8b6faabc54f1e155e92adc17f737506a023b3a5c98d6fa21d5b0ce5423aebf50cd16407a606e48b59d039b460d9805edc8b0ffa24ee3db70ea6",