{
    "config": {
        "seed": "42",
        "profile": {
            "Empty": null
        },
        "safrole": false,
        "max_work_items": 1,
        "max_service_keys": 10,
        "mutation_ratio": 0.0,
        "max_mutations": 3,
        "max_steps": 10000
    },
    "stats": {
        "steps": 1,
        "imported": 1,
        "import_max_step": 1,
        "import_min": 8.731646,
        "import_max": 8.731646,
        "import_mean": 8.731646,
        "import_p50": 8.731646,
        "import_p75": 0.0,
        "import_p90": 8.731646,
        "import_p99": 0.0,
        "import_std_dev": 0.0
    },
    "target": {
        "info": {
            "name": "tsjam-0.7.0-tiny",
            "app_version": {
                "major": 0,
                "minor": 7,
                "patch": 0
            },
            "jam_version": {
                "major": 0,
                "minor": 7,
                "patch": 0
            }
        },
        "stats": {
            "steps": 1,
            "imported": 0,
            "import_max_step": 0,
            "import_min": 0.0,
            "import_max": 0.0,
            "import_mean": 0.0,
            "import_p50": 0.0,
            "import_p75": 0.0,
            "import_p90": 0.0,
            "import_p99": 0.0,
            "import_std_dev": 0.0
        }
    },
    "diff": {
        "roots": {
            "exp": "0x758193d80689efb5d220cf9ae61f5680ee1b194b1f370f304f1ff0d2ac6c59d8",
            "got": "0x08da77d77af77853dd645d01956442b0f301b1c618cb7c83e81eceed2a183826"
        },
        "keyvals": [
            {
                "key": "0x03000000000000000000000000000000000000000000000000000000000000",
                "diff": {
                    "exp": "0x08efd35481da4cfa0d1232e0b0d3991e63a3ca65dd51795d03e543a1b69191ae1aa584ed112c36d5d7cc9c7f84eabd0db056fc23155fbfbaa26f4dd1fd6c6f2d4aa11c5ddab5c26849c8b891371562a483e1ef532c4484bcacb98d45b986ee942f00bc52efce67ec8a8a7fffe1d5a9912156d54acd155454e3a8e12ff63b75140eebbd13de8b9d42de7c2d2895c79f5b41330836dcaae938a540c255572764c7900d1c8cac037261294d36611e57d80f98d98e189d5364c60fa965f4d717baac3f2b00b8250c191f03b29c3e25ae9052f150e57a2a8c23f9631c99ebdeb4b3f52ece8f270f76a06be17b31025b9ce6ec09b2748b8303416efbbd413d0e526c31d87de3e12a36a559174cd57dbf5ccc7181b51ce6a744171987c71ea4bc36a884d534630261a66fa2a04135bc0258ee673135d200629a73c214ccb79e60fa33f713308376000000000000000000000000000000000000000000000000000000000000000068244ab13bb318bf80e7650b8f450e38da7ca22fb19718f5ad937f4c6a658d0d000000000000000000000000000000000000000000000000000000000000000024d81f6d0f7875afa4a7ba415a8b43758de102ff2aac1f1c36b3f9e79a8835287bffff3e84acde787e2d83d97fc6cdb6b0aa724267345420c0fe28d6d83a7e662802721fa5b5fc853ef2b014edb746dd68f703bfe0b8e97d5ab7487cfdc4369a00004c3b80dc4a0fd7cc97d5417b80f6d1e6ff1d61dc271326957bf04c45ee2830461739ead54e6417a4af5a80e35dc91de33dfc2495afeb66be44871288f05b6f0105d06596479441a195d3a22f8bb493459a627e226e5c9f8dbf710c2b0c58d3004563e6fc46aa03f1759bd24af90183e44708091ae8af136e66b360ba608cce24509acc274667d5be7f70d616fceb1082c56b13580ea965f1873f85c01c857ba5313b3dc05625c82106665d16ef88c992c3c902c76ccde611c7a13311dac3540b01b8fcc114090a0b7e236f988a7abe09552b43a4d55d7212d4b2d845919de68af400000000000000000000000000000000000000000000000000000000000000001af723651aa1b232d2f028091642a9e4b124fc78ef678cca0bddbe5db4465d27e3d6830c0d91ca3c84d362ac92e93c2fedecf9e71cfdd3ab614efe091bde8a6108da77d77af77853dd645d01956442b0f301b1c618cb7c83e81eceed2a1838260149dc6c089f4cb3f00a35ebf0f1c972fdf92dca38725f23f9179a223252a429920000000000000000000000000000000000000000000000000000000000000000fbcd97a5b9287878ab5b5e447f911ce626d7ae516713682690abc14a1fa3b6366a3dcd1ac1f5f585bcf46f91d63782dcf67e30b15e3c49f5f0d26f3c822b9eed000000000000000000000000000000000000000000000000000000000000000001ee82ff5bd5d7bc9d8afb9cd07c9678bac1e26a1173054d8f403b8b2d7a5ef49a0000000000000000000000000000000000000000000000000000000000000000070001ad3228b676f7d3cd4284a5443f17f1962b36e491b30a40b2405849e597ba5fb5000001e58769b32a1beaf1ea27375a44095a0d1fb664ce2dd358e7fcbfb78c26a193440001887c22bd8750d34016ac3c66b5ff102dacdd73f6b014e710b51e8022af9a1968",
                    "got": "0x08abb25d7476dc1173bc19066b7eb36eb9f5179c16d10853439e02f10d9d1fc860958e870464493a33eca26d42ab7fa77b4f88c3ac2b87a02233d7bbddcfc5368d460b11637cc4e41ff6770c137ba9c72d71a495504578f2f5906d2216974e1ce40137b5d3c538794f1367d94ab9efad95218ce2458276bceaec8ef3037c6ba8ab0c0000000000000000000000000000000000000000000000000000000000000000efd35481da4cfa0d1232e0b0d3991e63a3ca65dd51795d03e543a1b69191ae1aa584ed112c36d5d7cc9c7f84eabd0db056fc23155fbfbaa26f4dd1fd6c6f2d4aa11c5ddab5c26849c8b891371562a483e1ef532c4484bcacb98d45b986ee942f00bc52efce67ec8a8a7fffe1d5a9912156d54acd155454e3a8e12ff63b75140eebbd13de8b9d42de7c2d2895c79f5b41330836dcaae938a540c255572764c7900d1c8cac037261294d36611e57d80f98d98e189d5364c60fa965f4d717baac3f2b00b8250c191f03b29c3e25ae9052f150e57a2a8c23f9631c99ebdeb4b3f52ece8f270f76a06be17b31025b9ce6ec09b2748b8303416efbbd413d0e526c31d87de3e12a36a559174cd57dbf5ccc7181b51ce6a744171987c71ea4bc36a884d534630261a66fa2a04135bc0258ee673135d200629a73c214ccb79e60fa33f713308376000000000000000000000000000000000000000000000000000000000000000068244ab13bb318bf80e7650b8f450e38da7ca22fb19718f5ad937f4c6a658d0d000000000000000000000000000000000000000000000000000000000000000024d81f6d0f7875afa4a7ba415a8b43758de102ff2aac1f1c36b3f9e79a8835287bffff3e84acde787e2d83d97fc6cdb6b0aa724267345420c0fe28d6d83a7e662802721fa5b5fc853ef2b014edb746dd68f703bfe0b8e97d5ab7487cfdc4369a00004c3b80dc4a0fd7cc97d5417b80f6d1e6ff1d61dc271326957bf04c45ee2830461739ead54e6417a4af5a80e35dc91de33dfc2495afeb66be44871288f05b6f0105d06596479441a195d3a22f8bb493459a627e226e5c9f8dbf710c2b0c58d3004563e6fc46aa03f1759bd24af90183e44708091ae8af136e66b360ba608cce24509acc274667d5be7f70d616fceb1082c56b13580ea965f1873f85c01c857ba5313b3dc05625c82106665d16ef88c992c3c902c76ccde611c7a13311dac3540b01b8fcc114090a0b7e236f988a7abe09552b43a4d55d7212d4b2d845919de68af400000000000000000000000000000000000000000000000000000000000000001af723651aa1b232d2f028091642a9e4b124fc78ef678cca0bddbe5db4465d27e3d6830c0d91ca3c84d362ac92e93c2fedecf9e71cfdd3ab614efe091bde8a6100000000000000000000000000000000000000000000000000000000000000000149dc6c089f4cb3f00a35ebf0f1c972fdf92dca38725f23f9179a223252a4299200000000000000000000000000000000000000000000000000000000000000000701000000000000000000000000000000000000000000000000000000000000000000000001e58769b32a1beaf1ea27375a44095a0d1fb664ce2dd358e7fcbfb78c26a193440001887c22bd8750d34016ac3c66b5ff102dacdd73f6b014e710b51e8022af9a1968"
                }
            },
            {
                "key": "0x06000000000000000000000000000000000000000000000000000000000000",
                "diff": {
                    "exp": "0x572b2df223e332b5a825beaf833f1ae1c31c7094bdabe9ecd3b5bc9fbbc45ec8055a40566bb59859cf66ab5a39d0eb10080dfb103a2caae7c02427285c267a06022e582851713c188aa267eb1e3c97ec6b6bbfe2d9673a1899938f158eb655bd39d060398194e61ea1f29364ca137851ff6e0e0868ce3a7cb21d691edb6bfd6b",
                    "got": "0xd826262a4c31b96d5d050f0e2c1e668b6024cc98592126779e619184dc750268055a40566bb59859cf66ab5a39d0eb10080dfb103a2caae7c02427285c267a06022e582851713c188aa267eb1e3c97ec6b6bbfe2d9673a1899938f158eb655bd39d060398194e61ea1f29364ca137851ff6e0e0868ce3a7cb21d691edb6bfd6b"
                }
            },
            {
                "key": "0x0a000000000000000000000000000000000000000000000000000000000000",