{
    "config": {
        "seed": "42",
        "profile": {
            "Empty": null
        },
        "safrole": false,
        "max_work_items": 1,
        "max_service_keys": 10,
        "mutation_ratio": 0.0,
        "max_mutations": 3,
        "max_steps": 10000
    },
    "stats": {
        "steps": 1,
        "imported": 1,
        "import_max_step": 1,
        "import_min": 8.640612,
        "import_max": 8.640612,
        "import_mean": 8.640612,
        "import_p50": 8.640612,
        "import_p75": 0.0,
        "import_p90": 8.640612,
        "import_p99": 0.0,
        "import_std_dev": 0.0
    },
    "target": {
        "info": {
            "name": "turbojam",
            "app_version": {
                "major": 0,
                "minor": 1,
                "patch": 2
            },
            "jam_version": {
                "major": 0,
                "minor": 7,
                "patch": 0
            }
        },
        "stats": {
            "steps": 1,
            "imported": 1,
            "import_max_step": 1,
            "import_min": 0.0,
            "import_max": 0.0,
            "import_mean": 0.0,
            "import_p50": 0.0,
            "import_p75": 0.0,
            "import_p90": 0.0,
            "import_p99": 0.0,
            "import_std_dev": 0.0
        }
    },
    "diff": {
        "roots": {
            "exp": "0x758193d80689efb5d220cf9ae61f5680ee1b194b1f370f304f1ff0d2ac6c59d8",
            "got": "0x56cde5f7d5b5f24d38d656228c216d62de4e4605aadd710aff3be96d7dc96611"
        },
        "keyvals": [
            {
                "key": "0x629a2a70e70ebe259c585b524dfe81a6988ef4ecee1beda1cc2c7be732edf9",
                "diff": {
                    "exp": "0x86000000000000000a00000000000000010000000000000064000000000000000200200000000c000000809698000000000080f0fa020000000000ca9a3b00000000002d3101000000000800100008000300403800000300080006005000040080000500060000fa0000017cd20000093d0004000000000c00000204000000c0000080000000000c00000a0000000000000000000000000000000000000000000000000000000000000000000000000000000000000000000000000000000000000000000000000000000000000000000000000000000000000000000000000000000000000000000000000000000000000000000000000000000000000000000000000000000000",
                    "got": "0x86000000000000000a00000000000000010000000000000064000000000000000200200000000c000000809698000000000080f0fa020000000000f2052a01000000002d31010000000008001000080003000e0000000300080006005000040080000500060000fa0000017cd20000093d0006000000000c00000600000000c0000080000000000c00000a0000000000000000000000000000000000000000000000000000000000000000000000000000000000000000000000000000000000000000000000000000000000000000000000000000000000000000000000000000000000000000000000000000000000000000000000000000000000000000000000000000000000"
                }
            }
        ]
    }
}
