{
    "config": {
        "seed": "42",
        "profile": {
            "Empty": null
        },
        "safrole": false,
        "max_work_items": 1,
        "max_service_keys": 10,
        "mutation_ratio": 0.0,
        "max_mutations": 3,
        "max_steps": 10000
    },
    "stats": {
        "steps": 1,
        "imported": 1,
        "import_max_step": 1,
        "import_min": 10.65146,
        "import_max": 10.65146,
        "import_mean": 10.65146,
        "import_p50": 10.65146,
        "import_p75": 0.0,
        "import_p90": 10.65146,
        "import_p99": 0.0,
        "import_std_dev": 0.0
    },
    "target": {
        "info": {
            "name": "spacejam",
            "app_version": {
                "major": 0,
                "minor": 0,
                "patch": 7
            },
            "jam_version": {
                "major": 0,
                "minor": 7,
                "patch": 0
            }
        },
        "stats": {
            "steps": 1,
            "imported": 1,
            "import_max_step": 1,
            "import_min": 13.425338,
            "import_max": 13.425338,
            "import_mean": 13.425338,
            "import_p50": 13.425338,
            "import_p75": 0.0,
            "import_p90": 13.425338,
            "import_p99": 0.0,
            "import_std_dev": 0.0
        }
    },
    "diff": {
        "roots": {
            "exp": "0x2eb2af88622af407e94434958c9dab71f10203b93823c98b844bc67f1d3efd52",
            "got": "0x5eeff5e59a0c46a050364b7fb6bf20ecea4e489c236ffd477cc597ee7f2a293e"
        },
        "keyvals": [
            {
                "key": "0x0d000000000000000000000000000000000000000000000000000000000000",
                "diff": {
                    "exp": "0x01000000000000000000000000000000020000000500000000000000000000000000000000000000030000000400000001000000000000000000000000000000030000000400000002000000000000000000000000000000020000000400000000000000000000000000000000000000020000000400000002000000000000000300000026910300030000000400000000000000000000000000000000000000000000000000000000000000000000000000000000000000000000000000000000000000000000000000000000000000000000000000000000000000000000000000000000000000000000000000000000000000000000000000000000000000000000000000000000000000000000000000000000000000000000000000000081a8050000000081a8b6aa00030000000000000500000000000001b6aa0000000001c051780000faa6db6b01c162300000000000000000000024a7db6b01c1623000000000000000000000925bae94000000000000000000000100622ae7be01c1623000000000000000000000",
                    "got": "0x01000000000000000000000000000000020000000500000000000000000000000000000000000000030000000400000001000000000000000000000000000000030000000400000002000000000000000000000000000000020000000400000000000000000000000000000000000000020000000400000002000000000000000300000026910300030000000400000000000000000000000000000000000000000000000000000000000000000000000000000000000000000000000000000000000000000000000000000000000000000000000000000000000000000000000000000000000000000000000000000000000000000000000000000000000000000000000000000000000000000000000000000000000000000000000000000081a8050000000081a8b6aa00030000000000000500000000000001b6aa0000000001c041510000faa6db6b01c162300000000000000000000024a7db6b01c1623000000000000000000000925bae94000000000000000000000100622ae7be01c1623000000000000000000000"
                }
            }
        ]
    }
}
