{
  "info": {
    "name": "tsjam-0.7.0-tiny",
    "app_version": {
      "major": 0,
      "minor": 7,
      "patch": 0
    },
    "jam_version": {
      "major": 0,
      "minor": 7,
      "patch": 0
    }
  },
  "stats": {
    "steps": 100,
    "imported": 100,
    "import_max_step": 8,
    "import_min": 1.8611840000000002,
    "import_max": 1009.6247549999999,
    "import_mean": 258.6470560799999,
    "import_p50": 113.098,
    "import_p75": 439.723,
    "import_p90": 626.661,
    "import_p99": 942.176,
    "import_std_dev": 275.5023694364715
  }
}
