{
  "info": {
    "name": "jam-duna-target-0.7.0.3",
    "app_version": {
      "major": 0,
      "minor": 7,
      "patch": 0
    },
    "jam_version": {
      "major": 0,
      "minor": 7,
      "patch": 0
    }
  },
  "stats": {
    "steps": 100,
    "imported": 100,
    "import_max_step": 13,
    "import_min": 0.0,
    "import_max": 106.06769800000001,
    "import_mean": 31.260823809999998,
    "import_p50": 52.156,
    "import_p75": 53.669,
    "import_p90": 54.718,
    "import_p99": 60.051,
    "import_std_dev": 27.81546800931896
  }
}
