{
  "info": {
    "name": "jam-duna-target-0.7.0.2",
    "app_version": {
      "major": 0,
      "minor": 7,
      "patch": 0
    },
    "jam_version": {
      "major": 0,
      "minor": 7,
      "patch": 0
    }
  },
  "stats": {
    "steps": 100,
    "imported": 100,
    "import_max_step": 17,
    "import_min": 54.406788999999996,
    "import_max": 240.20166,
    "import_mean": 126.23540382999997,
    "import_p50": 139.232,
    "import_p75": 171.9,
    "import_p90": 190.08,
    "import_p99": 214.445,
    "import_std_dev": 58.089471418902605
  }
}
