{
  "info": {
    "name": "jamzig-target",
    "app_version": {
      "major": 0,
      "minor": 1,
      "patch": 0
    },
    "jam_version": {
      "major": 0,
      "minor": 7,
      "patch": 0
    }
  },
  "stats": {
    "steps": 100,
    "imported": 100,
    "import_max_step": 12,
    "import_min": 0.054217,
    "import_max": 32.379501999999995,
    "import_mean": 13.314637609999998,
    "import_p50": 10.558,
    "import_p75": 19.88,
    "import_p90": 27.664,
    "import_p99": 29.982,
    "import_std_dev": 10.603624507680964
  }
}
