{
    "config": {
        "seed": "42",
        "profile": {
            "Empty": null
        },
        "safrole": false,
        "max_work_items": 1,
        "max_service_keys": 10,
        "mutation_ratio": 0.0,
        "max_mutations": 3,
        "max_steps": 10000
    },
    "stats": {
        "steps": 1,
        "imported": 1,
        "import_max_step": 1,
        "import_min": 7.922293000000001,
        "import_max": 7.922293000000001,
        "import_mean": 7.922293000000001,
        "import_p50": 7.922293000000001,
        "import_p75": 0.0,
        "import_p90": 7.922293000000001,
        "import_p99": 0.0,
        "import_std_dev": 0.0
    },
    "target": {
        "info": {
            "name": "tsjam-0.7.0-tiny",
            "app_version": {
                "major": 0,
                "minor": 7,
                "patch": 0
            },
            "jam_version": {
                "major": 0,
                "minor": 7,
                "patch": 0
            }
        },
        "stats": {
            "steps": 1,
            "imported": 0,
            "import_max_step": 0,
            "import_min": 0.0,
            "import_max": 0.0,
            "import_mean": 0.0,
            "import_p50": 0.0,
            "import_p75": 0.0,
            "import_p90": 0.0,
            "import_p99": 0.0,
            "import_std_dev": 0.0
        }
    },
    "diff": {
        "roots": {
            "exp": "0x285f6219a5465ae003c39f309c28f02c6dc40b978bd4d3f0b6b0903c65b531f0",
            "got": "0x6e946eeae5ed752d9019da35ad780394bb1de62dbfe76716cb66d670f92ad3aa"
        },
        "keyvals": [
            {
                "key": "0x03000000000000000000000000000000000000000000000000000000000000",
                "diff": {
                    "exp": "0x08861e2f235990d1e65d395cddd9d89f48448d77b518ee76d665b275f1ef93ca2df4f39b4f8d1d039e14b06177c0ca07e78fa7ecdf2b9059e4e45222de757e6f2fef9533453642ccc1991287a3bfb12139eea0297e7c3eb7c75f0ae960d9b82b2c016f86d1f611511a2cad2127ecf7e5229ec2aedccd941a5308f3fac568f8f61ca80000000000000000000000000000000000000000000000000000000000000000e667c008e33de14f25c6b5e6ed72d2f428428787366adfbcf00a45d85010e1987aabfb6b08afebd61a48e4c602bf67bb9afb7fa141b1dd03f9c05fe447065f2647bc582e42ec991b834afc27a3897a1540e51b6f242dd032615f688c3e564b6301a7fd0e0c8f7bbd6f099f3e16fb82a0acc258455de7300f1488c14276c6dd612700000000000000000000000000000000000000000000000000000000000000007901d1a8a244bd9e1241d2a8457e0526b972a010a9b9d2ef120630a81fff81000ad509c2c5e002f34374fc833fdd8b2ed83872789209f9aa378d5a5667b242803c74331786f2a953b19b86c14424b4a3bef05d2999e94bf9834f7eba5d87821b0110ba124876ced1ad9ee5708f2e134734f4dc210596ac85edb00bd4a5fdb23b490000000000000000000000000000000000000000000000000000000000000000f196dafa312fd09138062586db14e6cbca693b6a0b222309d38b4274cf08ddfe4d2b90e05ee93d4506072361e119bba51c61a5ae5e1ec3faf09dcfb731a1a49ded6e108c70f346f62d2254cea6154b6b1c56b4cabc5aa86cf64b559d0be5fc4c0109bc31d7990cf5c7f68d749b7ed8c7cb5d2e040516e2b75b639e69daac593c660000000000000000000000000000000000000000000000000000000000000000d99f68715a6b01075ed4268fa0980706cf39c1c408a25536e09034b70630984b2183e4c2b3c6c5c55f1797070d04b25ec45193bbf9cb2560705ba6ab4151de7408e1258bad37bebda196cf70f246517c40f932f79d3a6b6627db9ad3b96a8f26023fbb19bb894e6f46d066d68a95c8f58d2d1f7bb0ed2e7d192220c2d4af4b1ed3000000000000000000000000000000000000000000000000000000000000000067ada6a8ec84cf588fb4eeb072f1c6e9df6ebc807cec306cc74df2a19359d8dd0000000000000000000000000000000000000000000000000000000000000000f4b2311eaf7721efb833a5326e0948484c42b4f5f9a4aaadab68cc883d7cac375f597e90664b457648bbf787a35d9cc8990f654f08fcbf99837403da211834dc28d4207f6ebde26b59ee42a312b34e03a7bc0c65574461abcdeb2dc2d80450ab000ed92e190e576fd87da955c55f69cc2c4a69c2ff867e1173b7780e442f032fe8b6b7826d76cb470e3a2cd7566cf1453e50d7274d882347c3aedb4e286bc9b9776e946eeae5ed752d9019da35ad780394bb1de62dbfe76716cb66d670f92ad3aa0252a3306e5f3db197c7b7271d3469d45e724f476d46a5af5f906612b306ba60cd000000000000000000000000000000000000000000000000000000000000000071c8fd4a06ef778077b7d6dbcc8aa9b9312171ac68bcfd67e48297b88ba30ca900000000000000000000000000000000000000000000000000000000000000006b3e03bf1b28f2f84724ea8080fb63b1ed86fecb849d573f8762938dbcdeacad29c60a749084a88785b9a54769b9e91c6cb49690729815c9ef0fdc55d1ecbcf000000000000000000000000000000000000000000000000000000000000000000287953c86d1cb80ee5785d2abab728ed35c88d14276baf6fbb195d19b6f9810780000000000000000000000000000000000000000000000000000000000000000a59afc82843b7bb70617f68020ddaa939da614d497a6c30801d14e7cd05b30dc00000000000000000000000000000000000000000000000000000000000000000601000000000000000000000000000000000000000000000000000000000000000001ad3228b676f7d3cd4284a5443f17f1962b36e491b30a40b2405849e597ba5fb5000121ddb9a356815c3fac1026b6dec5df3124afbadb485c9ba5a3e3398a04b7ba8501e58769b32a1beaf1ea27375a44095a0d1fb664ce2dd358e7fcbfb78c26a19344010eb01ebfc9ed27500cd4dfc979272d1f0913cc9f66540d7e8005811109e1cf2d",