{
  "info": {
    "name": "PyJAMaz",
    "app_version": {
      "major": 0,
      "minor": 1,
      "patch": 5
    },
    "jam_version": {
      "major": 0,
      "minor": 7,
      "patch": 0
    }
  },
  "stats": {
    "steps": 100,
    "imported": 100,
    "import_max_step": 96,
    "import_min": 4.052420000000001,
    "import_max": 48.507303,
    "import_mean": 11.553612489999997,
    "import_p50": 9.303,
    "import_p75": 11.582,
    "import_p90": 13.185,
    "import_p99": 42.623,
    "import_std_dev": 9.650507505623453
  }
}
