{
  "info": {
    "name": "PyJAMaz",
    "app_version": {
      "major": 0,
      "minor": 1,
      "patch": 5
    },
    "jam_version": {
      "major": 0,
      "minor": 7,
      "patch": 0
    }
  },
  "stats": {
    "steps": 100,
    "imported": 100,
    "import_max_step": 8,
    "import_min": 6.321101,
    "import_max": 12592.32126,
    "import_mean": 2963.920823650001,
    "import_p50": 1363.839,
    "import_p75": 5186.699,
    "import_p90": 7104.005,
    "import_p99": 10905.759,
    "import_std_dev": 3337.401339409811
  }
}
