{
  "info": {
    "name": "PyJAMaz",
    "app_version": {
      "major": 0,
      "minor": 1,
      "patch": 5
    },
    "jam_version": {
      "major": 0,
      "minor": 7,
      "patch": 0
    }
  },
  "stats": {
    "steps": 100,
    "imported": 100,
    "import_max_step": 56,
    "import_min": 5.924297999999999,
    "import_max": 4062.6140599999994,
    "import_mean": 942.7892499000002,
    "import_p50": 603.16,
    "import_p75": 1246.163,
    "import_p90": 2612.19,
    "import_p99": 3903.013,
    "import_std_dev": 1129.4595411493294
  }
}
