{
    "config": {
        "seed": "42",
        "profile": {
            "Empty": null
        },
        "safrole": false,
        "max_work_items": 1,
        "max_service_keys": 10,
        "mutation_ratio": 0.0,
        "max_mutations": 3,
        "max_steps": 10000
    },
    "stats": {
        "steps": 1,
        "imported": 1,
        "import_max_step": 1,
        "import_min": 10.100624000000002,
        "import_max": 10.100624000000002,
        "import_mean": 10.100624000000002,
        "import_p50": 10.100624000000002,
        "import_p75": 0.0,
        "import_p90": 10.100624000000002,
        "import_p99": 0.0,
        "import_std_dev": 0.0
    },
    "target": {
        "info": {
            "name": "tsjam-0.7.0-tiny",
            "app_version": {
                "major": 0,
                "minor": 7,
                "patch": 0
            },
            "jam_version": {
                "major": 0,
                "minor": 7,
                "patch": 0
            }
        },
        "stats": {
            "steps": 1,
            "imported": 0,
            "import_max_step": 0,
            "import_min": 0.0,
            "import_max": 0.0,
            "import_mean": 0.0,
            "import_p50": 0.0,
            "import_p75": 0.0,
            "import_p90": 0.0,
            "import_p99": 0.0,
            "import_std_dev": 0.0
        }
    },
    "diff": {
        "roots": {
            "exp": "0xba56efe6d720b82c9057751576de22a6114d67e207ea18a7fb12a7115377fe97",
            "got": "0xab4e928737e768f2af8fa81aa67a3fea8f72c6cfcc147082f8ab5adb4ecf2abe"
        },
        "keyvals": [
            {
                "key": "0x004400b500a400aaa0d7f8eab5ca1cca4a0472988422febc68a6b6a944cabf",
                "diff": {
                    "exp": "0x24a7db6b",
                    "got": "0x"
                }
            },
            {
                "key": "0x03000000000000000000000000000000000000000000000000000000000000",
                "diff": {
                    "exp": "0x052bf11dc5e1c7b9bbaafc2c8533017abc12daeb0baf22c92509ad50f7875e57160000000000000000000000000000000000000000000000000000000000000000903164dcdd1768679a870e9df00154815a46bd2a3b6d8740f89f5a33146b7591005fdafe4b7ddc72b66266d0ab103f82849b6f6703a4cab059e5a1abd53889531f0000000000000000000000000000000000000000000000000000000000000000f5ad490adbabd46e599b8a4dcdbe18424c8eda923b2d81ac8353b3adb9dcc625014ae29779219d39dbb6c00a93ebcce3b129080319277c6be570d798a864f4b6f50000000000000000000000000000000000000000000000000000000000000000ed0cf6b9e6c40e8b04f0f192a865d6ae403d5a1e931fe1d51f7fbb645df719cdad3228b676f7d3cd4284a5443f17f1962b36e491b30a40b2405849e597ba5fb587edb318dc3a27390f4410ae79bf21096acff1314a823d39c244256e985f3ae001836407b4306825fe95e783d134e4e0999f8f5b68e1100610cafe5004000f0da60000000000000000000000000000000000000000000000000000000000000000ca75bf3abd72b10e7773aa92c4f76c3ec3bc992c33d280e50ed53605e37286c7675f9e53123c83ddcdb2c1f5231f13646378aefc83837a4571d052ac80014837ab4e928737e768f2af8fa81aa67a3fea8f72c6cfcc147082f8ab5adb4ecf2abe006e86f50fc57ac9dcccf99500eef5d14837a4c5d13ed280842fccfa0a1d849582b4c11951957c6f8f642c4af61cd6b24640fec6dc7fc607ee8206a99e92410d30000000000000000000000000000000000000000000000000000000000000000001356f028dc7592762b64884718d9326ed00ec87ef0030229aa8ebb87854d536ff000000000000000000000000000000000000000000000000000000000000000003000001b4c11951957c6f8f642c4af61cd6b24640fec6dc7fc607ee8206a99e92410d30",
                    "got": "0x042bf11dc5e1c7b9bbaafc2c8533017abc12daeb0baf22c92509ad50f7875e57160000000000000000000000000000000000000000000000000000000000000000903164dcdd1768679a870e9df00154815a46bd2a3b6d8740f89f5a33146b7591005fdafe4b7ddc72b66266d0ab103f82849b6f6703a4cab059e5a1abd53889531f0000000000000000000000000000000000000000000000000000000000000000f5ad490adbabd46e599b8a4dcdbe18424c8eda923b2d81ac8353b3adb9dcc625014ae29779219d39dbb6c00a93ebcce3b129080319277c6be570d798a864f4b6f50000000000000000000000000000000000000000000000000000000000000000ed0cf6b9e6c40e8b04f0f192a865d6ae403d5a1e931fe1d51f7fbb645df719cdad3228b676f7d3cd4284a5443f17f1962b36e491b30a40b2405849e597ba5fb587edb318dc3a27390f4410ae79bf21096acff1314a823d39c244256e985f3ae001836407b4306825fe95e783d134e4e0999f8f5b68e1100610cafe5004000f0da60000000000000000000000000000000000000000000000000000000000000000ca75bf3abd72b10e7773aa92c4f76c3ec3bc992c33d280e50ed53605e37286c7675f9e53123c83ddcdb2c1f5231f13646378aefc83837a4571d052ac800148370000000000000000000000000000000000000000000000000000000000000000000201000000000000000000000000000000000000000000000000000000000000000001ad3228b676f7d3cd4284a5443f17f1962b36e491b30a40b2405849e597ba5fb5"
                }
            },
            {
                "key": "0x06000000000000000000000000000000000000000000000000000000000000",
                "diff": {
                    "exp": "0x35575520732e51c0ce05c3b23af72a937db67e90ff0b0b59bba8e8f8dcf214dc504e96139ef67184a6d0d9f882166a3a843eb5f50ffdd7c723bbb331119be626ec88b842681a66d0e836b2a65687ab9c4c2862b475cd5e8be77dda36a4d752bd405c80c1f6a2d5a0f8dbc56996f04230221100d9500244648f02a795d7850eac",
                    "got": "0x787cd57014a8f974e38ed2a3562797712c73c3b609b9fee69a5d762ecaf5e47a504e96139ef67184a6d0d9f882166a3a843eb5f50ffdd7c723bbb331119be626ec88b842681a66d0e836b2a65687ab9c4c2862b475cd5e8be77dda36a4d752bd405c80c1f6a2d5a0f8dbc56996f04230221100d9500244648f02a795d7850eac"
                }
            },
            {
                "key": "0x0a000000000000000000000000000000000000000000000000000000000000",
                "diff": {
                    "exp": "0x0001356f028dc7592762b64884718d9326ed00ec87ef0030229aa8ebb87854d536ffa801000073fc4da807961eacd6ce22912d0d4033447583da7335988adc08c6567779f6b300000000000000000000000000000000000000000000000000000000000000000000ca75bf3abd72b10e7773aa92c4f76c3ec3bc992c33d280e50ed53605e37286c7ab4e928737e768f2af8fa81aa67a3fea8f72c6cfcc147082f8ab5adb4ecf2abe675f9e53123c83ddcdb2c1f5231f13646378aefc83837a4571d052ac80014837ed0cf6b9e6c40e8b04f0f192a865d6ae403d5a1e931fe1d51f7fbb645df719cd02000000000100e8af5459beceb92a402727fcfab9f23fd23bf867cef17a785cf930398d292a9b8707417574683d3c3e0001000000002f46b4ee8c502d0b9e66c78823b4959e22c101d9a3d1b82554b1912cc11f6eb55127ef7607977ed448a3a905d2e966c779e1b9e6ffe64f58f26c125248516fe680969800000000000080c30100c66e2745966b4e123809c843f0461394ce8c00df7db6e167614676a569fae4c66230010000000000102700000000000010270000000000003efe000000000000d09caf1fafed87e6de99aed2ea635c02da22152b371a6a7010921f7adc555a5e44a4e179e7a1a57f58391522f53bd51c2053d521a806e676a0fa57d54f5123e2a7658964945dc3c28930bf4369dc929f998506bf513faf833a7f2c6dd66596d6f9fdca2392d98e0a01e4041301b4549172398d0f27ea728962d20e50caa83f9700b6aa0000000004000000",