{
    "config": {
        "seed": "42",
        "profile": {
            "Empty": null
        },
        "safrole": false,
        "max_work_items": 1,
        "max_service_keys": 10,
        "mutation_ratio": 0.0,
        "max_mutations": 3,
        "max_steps": 10000
    },
    "stats": {
        "steps": 1,
        "imported": 1,
        "import_max_step": 1,
        "import_min": 179.782272,
        "import_max": 179.782272,
        "import_mean": 179.782272,
        "import_p50": 179.782272,
        "import_p75": 0.0,
        "import_p90": 179.782272,
        "import_p99": 0.0,
        "import_std_dev": 0.0
    },
    "target": {
        "info": {
            "name": "jam-duna-target-0.7.0.3",
            "app_version": {
                "major": 0,
                "minor": 7,
                "patch": 0
            },
            "jam_version": {
                "major": 0,
                "minor": 7,
                "patch": 0
            }
        },
        "stats": {
            "steps": 1,
            "imported": 1,
            "import_max_step": 1,
            "import_min": 55.367485,
            "import_max": 55.367485,
            "import_mean": 55.367485,
            "import_p50": 55.367485,
            "import_p75": 0.0,
            "import_p90": 55.367485,
            "import_p99": 0.0,
            "import_std_dev": 0.0
        }
    },
    "diff": {
        "roots": {
            "exp": "0x277bfbd9d104fbef110518021ab69389bb76c18c3c11b45badafa63989d1f669",
            "got": "0x502b2d209aca7e1892478e90b7a3e3bba0bd1489daabffac927aecd80a40a73c"
        },
        "keyvals": [
            {
                "key": "0x0d000000000000000000000000000000000000000000000000000000000000",
                "diff": {
                    "exp": "0x02000000000000000000000000000000030000000500000002000000000000000000000000000000030000000700000001000000000000000000000000000000030000000700000000000000000000000000000000000000040000000600000001000000000000000000000000000000040000000600000001000000000000000000000000000000040000000700000001000000000000000000000000000000030000000900000003000000000000000000000000000000030000000700000002000000000000000000000000000000030000000900000003000000000000000000000000000000030000000900000000000000000000000000000000000000030000000900000003000000000000000000000000000000030000000900000080ed0500000000814d88e980ed060000000000000324a7db6b00000188e9000000000000000024e9488e000000000000000001c00a7800004ee9488e000000000000000001d3d0f00000",
                    "got": "0x02000000000000000000000000000000030000000500000002000000000000000000000000000000030000000700000001000000000000000000000000000000030000000700000000000000000000000000000000000000040000000600000001000000000000000000000000000000040000000600000001000000000000000000000000000000040000000700000001000000000000000000000000000000030000000900000003000000000000000000000000000000030000000700000002000000000000000000000000000000030000000900000003000000000000000000000000000000030000000900000000000000000000000000000000000000030000000900000003000000000000000000000000000000030000000900000080ed0500000000814d88e980ed060000000000000324a7db6b00000188e9000000000000000024e9488e000000000000000001970000004ee9488e0000000000000000019a6b0000"
                }
            },
            {
                "key": "0x2406e9c948b88ecc5bbb508d9cd48393b571b4e32a08582d28750eadf81035",
                "diff": {
                    "exp": "0xf7ffffffffffffff",
                    "got": "0x"
                }
            },
            {
                "key": "0x2488e94048098e7247ff8a219c4e6a6f020aa998bc8147f11af66f0ce17179",
                "diff": {
                    "exp": "0x0c",
                    "got": "0x10"
                }
            },
            {
                "key": "0x248ee926484e8e8f29a461f8df4e2eb581d5d6416d011dd2ca3793fa4e263b",
                "diff": {
                    "exp": "0x040403746d700504657865630a09636f64655f686173680f0e686f737463616c6c2d626c657373",
                    "got": "0x030403746d700504657865630a09636f64655f68617368"
                }
            },
            {
                "key": "0x4e7ae9f948328ef3056743ef892fa7f34429709da91c9a51b2eb7faed8b12c",
                "diff": {
                    "exp": "0x00000000",
                    "got": "0x"
                }
            },
            {
                "key": "0x4e88e94048098e7247ff8a219c4e6a6f020aa998bc8147f11af66f0ce17179",
                "diff": {
                    "exp": "0x02",
                    "got": "0x17"
                }
            },
            {
                "key": "0x4e8ee926484e8e8f29a461f8df4e2eb581d5d6416d011dd2ca3793fa4e263b",
                "diff": {
                    "exp": "0x060403746d700504657865630a09636f64655f686173680b0a686561702d636865636b0d0c686f737463616c6c2d6761730e0d686f737463616c6c2d696e666f",
                    "got": "0x050403746d700504657865630a09636f64655f686173680d0c686f737463616c6c2d6761730e0d686f737463616c6c2d696e666f"
                }
            },
            {
                "key": "0xff2400e90048008e0000000000000000000000000000000000000000000000",
                "diff": {
                    "exp": "0xc66e2745966b4e123809c843f0461394ce8c00df7db6e167614676a569fae4c61d4202000000000010270000000000001027000000000000e831010000000000000000000000000007000000080000002a00000000000000",
                    "got": "0xc66e2745966b4e123809c843f0461394ce8c00df7db6e167614676a569fae4c61d42020000000000102700000000000010270000000000009f31010000000000000000000000000006000000080000002a00000000000000"
                }
            },
            {
                "key": "0xff4e00e90048008e0000000000000000000000000000000000000000000000",
                "diff": {
                    "exp": "0xc66e2745966b4e123809c843f0461394ce8c00df7db6e167614676a569fae4c6cb75020000000000102700000000000010270000000000006833010000000000000000000000000009000000080000002a00000000000000",
                    "got": "0xc66e2745966b4e123809c843f0461394ce8c00df7db6e167614676a569fae4c6cb75020000000000102700000000000010270000000000002b33010000000000000000000000000008000000080000002a00000000000000"
                }
            }
        ]
    }
}
