{
    "config": {
        "seed": "42",
        "profile": {
            "Empty": null
        },
        "safrole": false,
        "max_work_items": 1,
        "max_service_keys": 10,
        "mutation_ratio": 0.0,
        "max_mutations": 3,
        "max_steps": 10000
    },
    "stats": {
        "steps": 1,
        "imported": 1,
        "import_max_step": 1,
        "import_min": 6.739311000000001,
        "import_max": 6.739311000000001,
        "import_mean": 6.739311000000001,
        "import_p50": 6.739311000000001,
        "import_p75": 0.0,
        "import_p90": 6.739311000000001,
        "import_p99": 0.0,
        "import_std_dev": 0.0
    },
    "target": {
        "info": {
            "name": "tsjam-0.7.0-tiny",
            "app_version": {
                "major": 0,
                "minor": 7,
                "patch": 0
            },
            "jam_version": {
                "major": 0,
                "minor": 7,
                "patch": 0
            }
        },
        "stats": {
            "steps": 1,
            "imported": 0,
            "import_max_step": 0,
            "import_min": 0.0,
            "import_max": 0.0,
            "import_mean": 0.0,
            "import_p50": 0.0,
            "import_p75": 0.0,
            "import_p90": 0.0,
            "import_p99": 0.0,
            "import_std_dev": 0.0
        }
    },
    "diff": {
        "roots": {
            "exp": "0x6e0a4c3100a3ae2e7d74dac3f3bdcf63082344baaa7f28845e66e1426e7c3907",
            "got": "0x8d2d045dbec9bcecfa473db6a5129a447d23aefca0278f3c9506541a041dafd6"
        },
        "keyvals": [
            {
                "key": "0x03000000000000000000000000000000000000000000000000000000000000",
                "diff": {
                    "exp": "0x0896f29086a1c57afbebaf499bc69a952bd1771add96a5a6acbc00b60a40c3efd397ddbf5a9ca9f32f81b00c531d55bd0f6df1214d84065f136a439f970a26dd358188cc53043ec191982e215fe284c4c5dcef02cf705493eb6e9df1409622a3cf01664da5048fb99033c000aee48033e44ac3e9910b264f27a90f589b27cb209db2000000000000000000000000000000000000000000000000000000000000000085ca4c59ff26791e989d62f82b3596db52fcc241b38f93f669db569301029e269d5555808d54fb8ae9eb1f4b8631c39584acda09efb61dd3e61a15657af496a403aba37de283df0f270846721f7d08475eb0a41234979daf2be642ac35596b9900b71d52a38d6a5f00e77259def4bb5e603f9feec72fe74723a503bcc760e6f38c7ffd975c4e59a93cf767cfba7c9fdc56be53412a5c851c2b58299c4326b21b9c3d5e99e4c3e9ebeefd0063053cc8d77baed1efd3dd845420b3fc9f19e6b4836701cc1c43a6bbbfa4683f87ce74edb3fc18d16d24d0cc8a50a1fe279746f48275370000000000000000000000000000000000000000000000000000000000000000413d17db34bafb476902d1686d6b6f325e6f8d7a32635541a619687c34d61ef4725c4e99e92fc3ff6e559c547bd893e9fb5c79fdc41a87c01e9d85a3ca86165c1eb9c7ba849aa4d51e72b39d8a68fbcb8cea57fcb18a8ff0700b77e5f85b522401f8fe0e89234bdde18b40d25efe06c7c488b3fabdd4f8732e976731c4565ce1940000000000000000000000000000000000000000000000000000000000000000f91d44806f48969819d6aa3721a1b78c08387b31af5ae71fd593ed7d011a227ed5a3af78c119e0688e5dad89f47be04c1fc4017f84402c56eb1f54f83faace9ef19f2906a3383e3ea21310695b767f510f339ab0868a7e805178ad6d68a7baa90115ad2b54085cf03d1080e3e1af33b9e2df0b51345a653c741f7f38737494f8e00000000000000000000000000000000000000000000000000000000000000000cb48db1300bbe79bd57fd56830b41cd42897530147f9966377aca3d54420ab5fec1dbea85b6c3d057e795a058c4af9807506e332d141e0947d8e70a684534bd051fb2d35ceb9a66588a82992f8854dfc0da0c5d3768a5982458bb5ba0298b7f30202c050d49213a50e9f6b74f646fc6332e2a08e86030343f1fed1e2a84ba1272c0000000000000000000000000000000000000000000000000000000000000000da5486c6f00ada3492be04282d4fbd84e3280e290f0b4dddc6e6bd4567a3bb14000000000000000000000000000000000000000000000000000000000000000030cdd81a7758d42f30121694eec5ac1ff21d88e26a9a68cdb32a449139dfce8aae60465a779e7803ada64b83673a1937624dbeba3ce45a83f950c25c1893742e8d2d045dbec9bcecfa473db6a5129a447d23aefca0278f3c9506541a041dafd60018ea4c6107e9bb50d45ef6041efbfc7af0f887a69c5ad5bccdbbe5ae81ed0043cbe7d7c2cd508acb5afdc5495d5f93b196ac0cb050be7d69ce58b6293a04996d000000000000000000000000000000000000000000000000000000000000000001dbb075cc4d9e22d51ec1ae9019514c462349415f46a010a45c7b8e6957c34cee00000000000000000000000000000000000000000000000000000000000000000b0001ad3228b676f7d3cd4284a5443f17f1962b36e491b30a40b2405849e597ba5fb5000001e58769b32a1beaf1ea27375a44095a0d1fb664ce2dd358e7fcbfb78c26a19344000000019867cc5f7f196b93bae1e27e6320742445d290f2263827498b54fec539f756af01cefad4e508c098b9a7e1d8feb19955fb02ba9675585078710969d3440f5054e001f9dc3e7fe016e050eff260334f18a5d4fe391d82092319f5964f2e2eb7c1c3a5",
                    "got": "0x088a2e63ac3e24f52ce2f75ce096137448a0d4a4cdf7d0d6a001954cd91da94635389907e645fff0d4aa6dfee23cca126821075e8ec8a717480bfffe4b5e76048e50368d7e2c2ed39ded1d5a82ab45eef3eb8445e7c5566445793a4d8b313f7b84022c5ad4f6bbd100f2ae61cfa7624b0e0a10e732e98161d51da151733b6934441300000000000000000000000000000000000000000000000000000000000000004099805774e256afcc36981b68f9b00c28c2a0a24601b5b7d5714174f62d7c51000000000000000000000000000000000000000000000000000000000000000096f29086a1c57afbebaf499bc69a952bd1771add96a5a6acbc00b60a40c3efd397ddbf5a9ca9f32f81b00c531d55bd0f6df1214d84065f136a439f970a26dd358188cc53043ec191982e215fe284c4c5dcef02cf705493eb6e9df1409622a3cf01664da5048fb99033c000aee48033e44ac3e9910b264f27a90f589b27cb209db2000000000000000000000000000000000000000000000000000000000000000085ca4c59ff26791e989d62f82b3596db52fcc241b38f93f669db569301029e269d5555808d54fb8ae9eb1f4b8631c39584acda09efb61dd3e61a15657af496a403aba37de283df0f270846721f7d08475eb0a41234979daf2be642ac35596b9900b71d52a38d6a5f00e77259def4bb5e603f9feec72fe74723a503bcc760e6f38c7ffd975c4e59a93cf767cfba7c9fdc56be53412a5c851c2b58299c4326b21b9c3d5e99e4c3e9ebeefd0063053cc8d77baed1efd3dd845420b3fc9f19e6b4836701cc1c43a6bbbfa4683f87ce74edb3fc18d16d24d0cc8a50a1fe279746f48275370000000000000000000000000000000000000000000000000000000000000000413d17db34bafb476902d1686d6b6f325e6f8d7a32635541a619687c34d61ef4725c4e99e92fc3ff6e559c547bd893e9fb5c79fdc41a87c01e9d85a3ca86165c1eb9c7ba849aa4d51e72b39d8a68fbcb8cea57fcb18a8ff0700b77e5f85b522401f8fe0e89234bdde18b40d25efe06c7c488b3fabdd4f8732e976731c4565ce1940000000000000000000000000000000000000000000000000000000000000000f91d44806f48969819d6aa3721a1b78c08387b31af5ae71fd593ed7d011a227ed5a3af78c119e0688e5dad89f47be04c1fc4017f84402c56eb1f54f83faace9ef19f2906a3383e3ea21310695b767f510f339ab0868a7e805178ad6d68a7baa90115ad2b54085cf03d1080e3e1af33b9e2df0b51345a653c741f7f38737494f8e00000000000000000000000000000000000000000000000000000000000000000cb48db1300bbe79bd57fd56830b41cd42897530147f9966377aca3d54420ab5fec1dbea85b6c3d057e795a058c4af9807506e332d141e0947d8e70a684534bd051fb2d35ceb9a66588a82992f8854dfc0da0c5d3768a5982458bb5ba0298b7f30202c050d49213a50e9f6b74f646fc6332e2a08e86030343f1fed1e2a84ba1272c0000000000000000000000000000000000000000000000000000000000000000da5486c6f00ada3492be04282d4fbd84e3280e290f0b4dddc6e6bd4567a3bb14000000000000000000000000000000000000000000000000000000000000000030cdd81a7758d42f30121694eec5ac1ff21d88e26a9a68cdb32a449139dfce8aae60465a779e7803ada64b83673a1937624dbeba3ce45a83f950c25c1893742e0000000000000000000000000000000000000000000000000000000000000000000b01000000000000000000000000000000000000000000000000000000000000000000000001e58769b32a1beaf1ea27375a44095a0d1fb664ce2dd358e7fcbfb78c26a19344000000019867cc5f7f196b93bae1e27e6320742445d290f2263827498b54fec539f756af01cefad4e508c098b9a7e1d8feb19955fb02ba9675585078710969d3440f5054e001f9dc3e7fe016e050eff260334f18a5d4fe391d82092319f5964f2e2eb7c1c3a5"
                }
            },
            {
                "key": "0x06000000000000000000000000000000000000000000000000000000000000",
                "diff": {
                    "exp": "0x0f567550b08b2ee378ce00bdca0cb53fd5d52409028db240c3269a3f916527609cc85f9d7f66f3938710b1b8c14e18426e10eda588112e7a109632ea6e907d40dad22a0e840379581046b1a932257f4e89ec87eb88c27088898d20b6d3f4706eacb4b1d5264eadb326455947b85f54b52f9b220c4c5598199b66d9c7b7e2abec",