{
    "config": {
        "seed": "42",
        "profile": {
            "Empty": null
        },
        "safrole": false,
        "max_work_items": 1,
        "max_service_keys": 10,
        "mutation_ratio": 0.0,
        "max_mutations": 3,
        "max_steps": 10000
    },
    "stats": {
        "steps": 1,
        "imported": 1,
        "import_max_step": 1,
        "import_min": 5.4669,
        "import_max": 5.4669,
        "import_mean": 5.4669,
        "import_p50": 5.4669,
        "import_p75": 0.0,
        "import_p90": 5.4669,
        "import_p99": 0.0,
        "import_std_dev": 0.0
    },
    "target": {
        "info": {
            "name": "jamzig-target",
            "app_version": {
                "major": 0,
                "minor": 1,
                "patch": 0
            },
            "jam_version": {
                "major": 0,
                "minor": 7,
                "patch": 0
            }
        },
        "stats": {
            "steps": 1,
            "imported": 1,
            "import_max_step": 1,
            "import_min": 0.9434619999999999,
            "import_max": 0.9434619999999999,
            "import_mean": 0.9434619999999999,
            "import_p50": 0.9434619999999999,
            "import_p75": 0.0,
            "import_p90": 0.9434619999999999,
            "import_p99": 0.0,
            "import_std_dev": 0.0
        }
    },
    "diff": {
        "roots": {
            "exp": "0x6e0a4c3100a3ae2e7d74dac3f3bdcf63082344baaa7f28845e66e1426e7c3907",
            "got": "0xb5e38de25a6e3fe88276dd19b904ce7d66089b67232f22a654a38411d37dd362"
        },
        "keyvals": [
            {
                "key": "0x0d000000000000000000000000000000000000000000000000000000000000",
                "diff": {
                    "exp": "0x03000000000000000000000000000000050000000b00000002000000000000000000000000000000060000000b00000002000000000000000000000000000000030000000a00000002000000000000000000000000000000060000000a00000000000000000000000000000000000000070000000a00000002000000000000000000000000000000050000000b00000004000000000000000000000000000000030000000b00000003000000000000000000000000000000090000000c00000005000000000000000000000000000000090000000a00000000000000000000000000000000000000090000000c00000000000000000000000000000000000000030000000a00000000000000000000000000000000000000030000000c000000000300000000000081ae05000000008209c10d540100000000000001c10d5400000000018c1a0000",
                    "got": "0x03000000000000000000000000000000050000000b00000002000000000000000000000000000000060000000b00000002000000000000000000000000000000030000000a00000002000000000000000000000000000000060000000a00000000000000000000000000000000000000070000000a00000002000000000000000000000000000000050000000b00000004000000000000000000000000000000030000000b00000003000000000000000000000000000000090000000c00000005000000000000000000000000000000090000000a00000000000000000000000000000000000000090000000c00000000000000000000000000000000000000030000000a00000000000000000000000000000000000000030000000c000000000300000000000081ae05000000008209c10d540100000000000001c10d5400000000018c1f0000"
                }
            }
        ]
    }
}
