{
  "info": {
    "name": "polkajam",
    "app_version": {
      "major": 0,
      "minor": 1,
      "patch": 25
    },
    "jam_version": {
      "major": 0,
      "minor": 7,
      "patch": 0
    }
  },
  "stats": {
    "steps": 100,
    "imported": 100,
    "import_max_step": 53,
    "import_min": 1.078129,
    "import_max": 3.1646650000000003,
    "import_mean": 1.553038389999999,
    "import_p50": 1.345,
    "import_p75": 1.809,
    "import_p90": 2.061,
    "import_p99": 2.562,
    "import_std_dev": 0.4203376137886223
  }
}
