{
  "info": {
    "name": "boka-fuzzing-target",
    "app_version": {
      "major": 0,
      "minor": 1,
      "patch": 0
    },
    "jam_version": {
      "major": 0,
      "minor": 7,
      "patch": 0
    }
  },
  "stats": {
    "steps": 100,
    "imported": 100,
    "import_max_step": 56,
    "import_min": 6.8867069999999995,
    "import_max": 5540.161488,
    "import_mean": 1223.2848972100005,
    "import_p50": 765.989,
    "import_p75": 1688.805,
    "import_p90": 3540.153,
    "import_p99": 4989.395,
    "import_std_dev": 1480.407338058944
  }
}
