{
  "info": {
    "name": "jampy",
    "app_version": {
      "major": 0,
      "minor": 7,
      "patch": 0
    },
    "jam_version": {
      "major": 0,
      "minor": 7,
      "patch": 0
    }
  },
  "stats": {
    "steps": 100,
    "imported": 100,
    "import_max_step": 73,
    "import_min": 67.270521,
    "import_max": 78.83293900000001,
    "import_mean": 70.51634605000001,
    "import_p50": 70.476,
    "import_p75": 71.308,
    "import_p90": 71.993,
    "import_p99": 74.003,
    "import_std_dev": 1.6969083751076792
  }
}
