{
  "info": {
    "name": "jampy",
    "app_version": {
      "major": 0,
      "minor": 7,
      "patch": 0
    },
    "jam_version": {
      "major": 0,
      "minor": 7,
      "patch": 0
    }
  },
  "stats": {
    "steps": 100,
    "imported": 100,
    "import_max_step": 55,
    "import_min": 67.273689,
    "import_max": 132.916378,
    "import_mean": 90.42592171000004,
    "import_p50": 85.635,
    "import_p75": 108.312,
    "import_p90": 125.744,
    "import_p99": 128.713,
    "import_std_dev": 21.919722435291167
  }
}
