{
  "info": {
    "name": "spacejam",
    "app_version": {
      "major": 0,
      "minor": 0,
      "patch": 7
    },
    "jam_version": {
      "major": 0,
      "minor": 7,
      "patch": 0
    }
  },
  "stats": {
    "steps": 100,
    "imported": 100,
    "import_max_step": 24,
    "import_min": 8.718922000000001,
    "import_max": 28.259553999999998,
    "import_mean": 12.706778550000003,
    "import_p50": 11.549,
    "import_p75": 12.118,
    "import_p90": 12.969,
    "import_p99": 26.512,
    "import_std_dev": 4.279207817793877
  }
}
