{
  "info": {
    "name": "spacejam",
    "app_version": {
      "major": 0,
      "minor": 0,
      "patch": 7
    },
    "jam_version": {
      "major": 0,
      "minor": 7,
      "patch": 0
    }
  },
  "stats": {
    "steps": 100,
    "imported": 100,
    "import_max_step": 17,
    "import_min": 10.511154999999999,
    "import_max": 74.957792,
    "import_mean": 26.57682632000001,
    "import_p50": 25.05,
    "import_p75": 35.039,
    "import_p90": 44.893,
    "import_p99": 66.898,
    "import_std_dev": 15.282099349823135
  }
}
