{
    "config": {
        "seed": "42",
        "profile": {
            "Empty": null
        },
        "safrole": false,
        "max_work_items": 1,
        "max_service_keys": 10,
        "mutation_ratio": 0.0,
        "max_mutations": 3,
        "max_steps": 10000
    },
    "stats": {
        "steps": 1,
        "imported": 1,
        "import_max_step": 1,
        "import_min": 7.493373,
        "import_max": 7.493373,
        "import_mean": 7.493373,
        "import_p50": 7.493373,
        "import_p75": 0.0,
        "import_p90": 7.493373,
        "import_p99": 0.0,
        "import_std_dev": 0.0
    },
    "target": {
        "info": {
            "name": "jam-duna-target-0.7.0.3",
            "app_version": {
                "major": 0,
                "minor": 7,
                "patch": 0
            },
            "jam_version": {
                "major": 0,
                "minor": 7,
                "patch": 0
            }
        },
        "stats": {
            "steps": 1,
            "imported": 1,
            "import_max_step": 1,
            "import_min": 5.60778,
            "import_max": 5.60778,
            "import_mean": 5.60778,
            "import_p50": 5.60778,
            "import_p75": 0.0,
            "import_p90": 5.60778,
            "import_p99": 0.0,
            "import_std_dev": 0.0
        }
    },
    "diff": {
        "roots": {
            "exp": "0x758193d80689efb5d220cf9ae61f5680ee1b194b1f370f304f1ff0d2ac6c59d8",
            "got": "0x56457cb1adcfc09c4204f6ef75c5d7af6e2a629e93b1b653d513bb69ba8bcd60"
        },
        "keyvals": [
            {
                "key": "0x0d000000000000000000000000000000000000000000000000000000000000",
                "diff": {
                    "exp": "0x02000000000000000000000000000000040000000a00000003000000000000000000000000000000030000000700000002000000000000000000000000000000040000000a00000003000000000000000000000000000000040000000a00000001000000000000000000000000000000030000000a00000000000000000000000000000000000000020000000b00000002000000000000000000000000000000030000000c00000001000000000000000000000000000000030000000c00000000000000000000000000000000000000070000000a00000004000000000000000000000000000000070000000b00000004000000000000000000000000000000030000000a00000001000000000000000000000000000000070000000a000000000400000000000080ed050000000080ed88e9024ee9488e00000188e90000000000000000622ae7be000000000000000001c0f68c0000",
                    "got": "0x02000000000000000000000000000000040000000a00000003000000000000000000000000000000030000000700000002000000000000000000000000000000040000000a00000003000000000000000000000000000000040000000a00000001000000000000000000000000000000030000000a00000000000000000000000000000000000000020000000b00000002000000000000000000000000000000030000000c00000001000000000000000000000000000000030000000c00000000000000000000000000000000000000070000000a00000004000000000000000000000000000000070000000b00000004000000000000000000000000000000030000000a00000001000000000000000000000000000000070000000a000000000400000000000080ed050000000080ed88e9024ee9488e00000188e90000000000000000622ae7be0000000000000000019a510000"
                }
            },
            {
                "key": "0x62882a40e709be7247ff8a219c4e6a6f020aa998bc8147f11af66f0ce17179",
                "diff": {
                    "exp": "0x07",
                    "got": "0x12"
                }
            },
            {
                "key": "0x628e2a26e74ebe8f29a461f8df4e2eb581d5d6416d011dd2ca3793fa4e263b",
                "diff": {
                    "exp": "0x060403746d700504657865630a09636f64655f686173680d0c686f737463616c6c2d6761730e0d686f737463616c6c2d696e666f1413686f737463616c6c2d636865636b706f696e74",
                    "got": "0x050403746d700504657865630a09636f64655f686173680d0c686f737463616c6c2d6761731413686f737463616c6c2d636865636b706f696e74"
                }
            },
            {
                "key": "0x629a2a70e70ebe259c585b524dfe81a6988ef4ecee1beda1cc2c7be732edf9",
                "diff": {
                    "exp": "0x86000000000000000a00000000000000010000000000000064000000000000000200200000000c000000809698000000000080f0fa020000000000ca9a3b00000000002d3101000000000800100008000300403800000300080006005000040080000500060000fa0000017cd20000093d0004000000000c00000204000000c0000080000000000c00000a0000000000000000000000000000000000000000000000000000000000000000000000000000000000000000000000000000000000000000000000000000000000000000000000000000000000000000000000000000000000000000000000000000000000000000000000000000000000000000000000000000000000",
                    "got": "0x"
                }
            },
            {
                "key": "0xff62002a00e700be0000000000000000000000000000000000000000000000",
                "diff": {
                    "exp": "0xc66e2745966b4e123809c843f0461394ce8c00df7db6e167614676a569fae4c6692f020000000000102700000000000010270000000000007e33010000000000000000000000000009000000050000005200000000000000",
                    "got": "0xc66e2745966b4e123809c843f0461394ce8c00df7db6e167614676a569fae4c6692f020000000000102700000000000010270000000000003732010000000000000000000000000008000000050000005200000000000000"
                }
            }
        ]
    }
}
