{
  "info": {
    "name": "jamzilla",
    "app_version": {
      "major": 0,
      "minor": 1,
      "patch": 0
    },
    "jam_version": {
      "major": 0,
      "minor": 7,
      "patch": 0
    }
  },
  "stats": {
    "steps": 100,
    "imported": 100,
    "import_max_step": 96,
    "import_min": 4.994669999999999,
    "import_max": 57.819632000000006,
    "import_mean": 19.111224579999988,
    "import_p50": 14.525,
    "import_p75": 23.12,
    "import_p90": 30.664,
    "import_p99": 57.311,
    "import_std_dev": 14.147814250607261
  }
}
