{
  "info": {
    "name": "jamzilla",
    "app_version": {
      "major": 0,
      "minor": 1,
      "patch": 0
    },
    "jam_version": {
      "major": 0,
      "minor": 7,
      "patch": 0
    }
  },
  "stats": {
    "steps": 100,
    "imported": 100,
    "import_max_step": 8,
    "import_min": 6.288353,
    "import_max": 189.09077399999998,
    "import_mean": 55.21935671999999,
    "import_p50": 48.486,
    "import_p75": 81.848,
    "import_p90": 119.588,
    "import_p99": 177.169,
    "import_std_dev": 47.918797393589024
  }
}
