{
    "config": {
        "seed": "42",
        "profile": {
            "Empty": null
        },
        "safrole": false,
        "max_work_items": 1,
        "max_service_keys": 10,
        "mutation_ratio": 0.0,
        "max_mutations": 3,
        "max_steps": 10000
    },
    "stats": {
        "steps": 1,
        "imported": 1,
        "import_max_step": 1,
        "import_min": 9.772556,
        "import_max": 9.772556,
        "import_mean": 9.772556,
        "import_p50": 9.772556,
        "import_p75": 0.0,
        "import_p90": 9.772556,
        "import_p99": 0.0,
        "import_std_dev": 0.0
    },
    "target": {
        "info": {
            "name": "jampy",
            "app_version": {
                "major": 0,
                "minor": 7,
                "patch": 0
            },
            "jam_version": {
                "major": 0,
                "minor": 7,
                "patch": 0
            }
        },
        "stats": {
            "steps": 1,
            "imported": 1,
            "import_max_step": 1,
            "import_min": 549.211056,
            "import_max": 549.211056,
            "import_mean": 549.211056,
            "import_p50": 549.211056,
            "import_p75": 0.0,
            "import_p90": 549.211056,
            "import_p99": 0.0,
            "import_std_dev": 0.0
        }
    },
    "diff": {
        "roots": {
            "exp": "0xba56efe6d720b82c9057751576de22a6114d67e207ea18a7fb12a7115377fe97",
            "got": "0xd7f6768666dd6d138062a02ea3dcafc582a41d1a8ffe28c6340fa28f4253d890"
        },
        "keyvals": [
            {
                "key": "0xff000000000000000000000000000000000000000000000000000000000000",
                "diff": {
                    "exp": "0x2f46b4ee8c502d0b9e66c78823b4959e22c101d9a3d1b82554b1912cc11f6eb5f91cfcffffffffff0a000000000000000a00000000000000d077020000000000ffffffffffffffff05000000000000000400000000000000",
                    "got": "0x2f46b4ee8c502d0b9e66c78823b4959e22c101d9a3d1b82554b1912cc11f6eb5877efeffffffffff0a000000000000000a00000000000000d077020000000000ffffffffffffffff05000000000000000400000000000000"
                }
            },
            {
                "key": "0xff2400a700db006b0000000000000000000000000000000000000000000000",
                "diff": {
                    "exp": "0xc66e2745966b4e123809c843f0461394ce8c00df7db6e167614676a569fae4c6563702000000000010270000000000001027000000000000b330010000000000000000000000000002000000040000000000000000000000",
                    "got": "0xc66e2745966b4e123809c843f0461394ce8c00df7db6e167614676a569fae4c68f0601000000000010270000000000001027000000000000b330010000000000000000000000000002000000040000000000000000000000"
                }
            },
            {
                "key": "0xfffa00a600db006b0000000000000000000000000000000000000000000000",
                "diff": {
                    "exp": "0xc66e2745966b4e123809c843f0461394ce8c00df7db6e167614676a569fae4c6b0ab01000000000010270000000000001027000000000000b330010000000000000000000000000002000000040000000000000000000000",
                    "got": "0xc66e2745966b4e123809c843f0461394ce8c00df7db6e167614676a569fae4c6e97a00000000000010270000000000001027000000000000b330010000000000000000000000000002000000040000000000000000000000"
                }
            }
        ]
    }
}
