{
  "info": {
    "name": "Jamixir",
    "app_version": {
      "major": 0,
      "minor": 2,
      "patch": 6
    },
    "jam_version": {
      "major": 0,
      "minor": 7,
      "patch": 0
    }
  },
  "stats": {
    "steps": 100,
    "imported": 100,
    "import_max_step": 17,
    "import_min": 342.247583,
    "import_max": 16733.899225999998,
    "import_mean": 4184.41043237,
    "import_p50": 2028.832,
    "import_p75": 6740.096,
    "import_p90": 9984.735,
    "import_p99": 14532.887,
    "import_std_dev": 4314.9205402199195
  }
}
