{
  "info": {
    "name": "Jamixir",
    "app_version": {
      "major": 0,
      "minor": 2,
      "patch": 6
    },
    "jam_version": {
      "major": 0,
      "minor": 7,
      "patch": 0
    }
  },
  "stats": {
    "steps": 100,
    "imported": 100,
    "import_max_step": 60,
    "import_min": 348.40991199999996,
    "import_max": 6719.375453,
    "import_mean": 1674.3185861399993,
    "import_p50": 1178.3,
    "import_p75": 2035.352,
    "import_p90": 4066.283,
    "import_p99": 5570.901,
    "import_std_dev": 1608.8569476056996
  }
}
