{
  "info": {
    "name": "vinwolf-target",
    "app_version": {
      "major": 0,
      "minor": 2,
      "patch": 1
    },
    "jam_version": {
      "major": 0,
      "minor": 7,
      "patch": 0
    }
  },
  "stats": {
    "steps": 100,
    "imported": 100,
    "import_max_step": 36,
    "import_min": 49.263014,
    "import_max": 101.21979999999999,
    "import_mean": 54.11115660000001,
    "import_p50": 49.945,
    "import_p75": 50.629,
    "import_p90": 51.582,
    "import_p99": 100.259,
    "import_std_dev": 13.674768031956033
  }
}
