{
  "info": {
    "name": "vinwolf-target",
    "app_version": {
      "major": 0,
      "minor": 2,
      "patch": 2
    },
    "jam_version": {
      "major": 0,
      "minor": 7,
      "patch": 0
    }
  },
  "stats": {
    "steps": 100,
    "imported": 100,
    "import_max_step": 36,
    "import_min": 49.267590999999996,
    "import_max": 101.83729299999999,
    "import_mean": 53.94323595,
    "import_p50": 49.835,
    "import_p75": 50.291,
    "import_p90": 51.142,
    "import_p99": 99.929,
    "import_std_dev": 13.651289849371233
  }
}
