{
  "info": {
    "name": "vinwolf-target",
    "app_version": {
      "major": 0,
      "minor": 2,
      "patch": 1
    },
    "jam_version": {
      "major": 0,
      "minor": 7,
      "patch": 0
    }
  },
  "stats": {
    "steps": 100,
    "imported": 100,
    "import_max_step": 89,
    "import_min": 45.766417,
    "import_max": 120.570886,
    "import_mean": 89.45104911000001,
    "import_p50": 106.096,
    "import_p75": 112.609,
    "import_p90": 119.031,
    "import_p99": 120.159,
    "import_std_dev": 29.742533368088548
  }
}
