{
  "info": {
    "name": "vinwolf-target",
    "app_version": {
      "major": 0,
      "minor": 2,
      "patch": 2
    },
    "jam_version": {
      "major": 0,
      "minor": 7,
      "patch": 0
    }
  },
  "stats": {
    "steps": 100,
    "imported": 100,
    "import_max_step": 60,
    "import_min": 44.563520000000004,
    "import_max": 225.957787,
    "import_mean": 85.21618937,
    "import_p50": 76.543,
    "import_p75": 98.653,
    "import_p90": 139.017,
    "import_p99": 177.735,
    "import_std_dev": 38.84763585110521
  }
}
