{
  "info": {
    "name": "vinwolf-target",
    "app_version": {
      "major": 0,
      "minor": 2,
      "patch": 2
    },
    "jam_version": {
      "major": 0,
      "minor": 7,
      "patch": 0
    }
  },
  "stats": {
    "steps": 100,
    "imported": 100,
    "import_max_step": 8,
    "import_min": 44.053405,
    "import_max": 448.98662900000005,
    "import_mean": 148.64215648,
    "import_p50": 100.489,
    "import_p75": 211.114,
    "import_p90": 295.301,
    "import_p99": 400.667,
    "import_std_dev": 105.76625965454726
  }
}
