{
    "config": {
        "seed": "42",
        "profile": {
            "Empty": null
        },
        "safrole": false,
        "max_work_items": 1,
        "max_service_keys": 10,
        "mutation_ratio": 0.0,
        "max_mutations": 3,
        "max_steps": 10000
    },
    "stats": {
        "steps": 1,
        "imported": 1,
        "import_max_step": 1,
        "import_min": 8.509713,
        "import_max": 8.509713,
        "import_mean": 8.509713,
        "import_p50": 8.509713,
        "import_p75": 0.0,
        "import_p90": 8.509713,
        "import_p99": 0.0,
        "import_std_dev": 0.0
    },
    "target": {
        "info": {
            "name": "jam-duna-target-0.7.0.3",
            "app_version": {
                "major": 0,
                "minor": 7,
                "patch": 0
            },
            "jam_version": {
                "major": 0,
                "minor": 7,
                "patch": 0
            }
        },
        "stats": {
            "steps": 1,
            "imported": 1,
            "import_max_step": 1,
            "import_min": 5.2847800000000005,
            "import_max": 5.2847800000000005,
            "import_mean": 5.2847800000000005,
            "import_p50": 5.2847800000000005,
            "import_p75": 0.0,
            "import_p90": 5.2847800000000005,
            "import_p99": 0.0,
            "import_std_dev": 0.0
        }
    },
    "diff": {
        "roots": {
            "exp": "0x285f6219a5465ae003c39f309c28f02c6dc40b978bd4d3f0b6b0903c65b531f0",
            "got": "0xade884b1ccaa2cd6e099b690c6f2cef9b5f74aeab1798b10d53f36f507b3d65c"
        },
        "keyvals": [
            {
                "key": "0x0d000000000000000000000000000000000000000000000000000000000000",
                "diff": {
                    "exp": "0x02000000000000000000000000000000070000000c00000002000000000000000000000000000000040000000b00000002000000000000000000000000000000040000000c00000002000000000000000000000000000000070000000a00000002000000000000000000000000000000040000000b00000002000000000000000000000000000000070000000c00000002000000000000000000000000000000070000000a00000002000000000000000000000000000000040000000c00000001000000000000000000000000000000040000000b00000002000000000000000000000000000000050000000b00000003000000000000000000000000000000080000000a00000002000000000000000000000000000000080000000c00000080ed0500000000810d88e980ed0600000000814d88e902925bae9400000188e90000000002c125090000622ae7be00000188e90000000000000000",
                    "got": "0x02000000000000000000000000000000070000000c00000002000000000000000000000000000000040000000b00000002000000000000000000000000000000040000000c00000002000000000000000000000000000000070000000a00000002000000000000000000000000000000040000000b00000002000000000000000000000000000000070000000c00000002000000000000000000000000000000070000000a00000002000000000000000000000000000000040000000c00000001000000000000000000000000000000040000000b00000002000000000000000000000000000000050000000b00000003000000000000000000000000000000080000000a00000002000000000000000000000000000000080000000c00000080ed0500000000810d88e980ed0600000000814d88e902925bae9400000188e900000000029bf80000622ae7be00000188e90000000000000000"
                }
            }
        ]
    }
}
