{
    "config": {
        "seed": "42",
        "profile": {
            "Empty": null
        },
        "safrole": false,
        "max_work_items": 1,
        "max_service_keys": 10,
        "mutation_ratio": 0.0,
        "max_mutations": 3,
        "max_steps": 10000
    },
    "stats": {
        "steps": 1,
        "imported": 1,
        "import_max_step": 1,
        "import_min": 10.107415,
        "import_max": 10.107415,
        "import_mean": 10.107415,
        "import_p50": 10.107415,
        "import_p75": 0.0,
        "import_p90": 10.107415,
        "import_p99": 0.0,
        "import_std_dev": 0.0
    },
    "target": {
        "info": {
            "name": "spacejam",
            "app_version": {
                "major": 0,
                "minor": 0,
                "patch": 7
            },
            "jam_version": {
                "major": 0,
                "minor": 7,
                "patch": 0
            }
        },
        "stats": {
            "steps": 1,
            "imported": 1,
            "import_max_step": 1,
            "import_min": 13.693413,
            "import_max": 13.693413,
            "import_mean": 13.693413,
            "import_p50": 13.693413,
            "import_p75": 0.0,
            "import_p90": 13.693413,
            "import_p99": 0.0,
            "import_std_dev": 0.0
        }
    },
    "diff": {
        "roots": {
            "exp": "0xba56efe6d720b82c9057751576de22a6114d67e207ea18a7fb12a7115377fe97",
            "got": "0x20ba981c4684714c4431554a5f4ab735b8ef2874b66d20a5094ab4351955c3b3"
        },
        "keyvals": [
            {
                "key": "0x0d000000000000000000000000000000000000000000000000000000000000",
                "diff": {
                    "exp": "0x01000000000000000000000000000000010000000300000000000000000000000000000000000000020000000200000000000000000000000000000000000000020000000300000002000000000000000000000000000000010000000200000000000000000000000000000000000000010000000200000001000000000000000000000000000000020000000200000000000000000000000000000000000000000000000000000000000000000000000000000000000000000000000000000000000000000000000000000000000000000000000000000000000000000000000000000000000000000000000000000000000000000000000000000000000000000000000000000000000000000000000000000000000000000000000000000081a80500000000000081a8060000000081a8b6aa0300000000000001b6aa0000000002c054e20000faa6db6b00000000000000000000010024a7db6b000000000000000000000100",
                    "got": "0x01000000000000000000000000000000010000000300000000000000000000000000000000000000020000000200000000000000000000000000000000000000020000000300000002000000000000000000000000000000010000000200000000000000000000000000000000000000010000000200000001000000000000000000000000000000020000000200000000000000000000000000000000000000000000000000000000000000000000000000000000000000000000000000000000000000000000000000000000000000000000000000000000000000000000000000000000000000000000000000000000000000000000000000000000000000000000000000000000000000000000000000000000000000000000000000000081a80500000000000081a8060000000081a8b6aa0300000000000001b6aa0000000002c034940000faa6db6b00000000000000000000010024a7db6b000000000000000000000100"
                }
            }
        ]
    }
}
