{
    "config": {
        "seed": "42",
        "profile": {
            "Empty": null
        },
        "safrole": false,
        "max_work_items": 1,
        "max_service_keys": 10,
        "mutation_ratio": 0.0,
        "max_mutations": 3,
        "max_steps": 10000
    },
    "stats": {
        "steps": 1,
        "imported": 1,
        "import_max_step": 1,
        "import_min": 8.029259,
        "import_max": 8.029259,
        "import_mean": 8.029259,
        "import_p50": 8.029259,
        "import_p75": 0.0,
        "import_p90": 8.029259,
        "import_p99": 0.0,
        "import_std_dev": 0.0
    },
    "target": {
        "info": {
            "name": "JavaJAM",
            "app_version": {
                "major": 0,
                "minor": 2,
                "patch": 10
            },
            "jam_version": {
                "major": 0,
                "minor": 7,
                "patch": 0
            }
        },
        "stats": {
            "steps": 1,
            "imported": 1,
            "import_max_step": 1,
            "import_min": 49.443042999999996,
            "import_max": 49.443042999999996,
            "import_mean": 49.443042999999996,
            "import_p50": 49.443042999999996,
            "import_p75": 0.0,
            "import_p90": 49.443042999999996,
            "import_p99": 0.0,
            "import_std_dev": 0.0
        }
    },
    "diff": {
        "roots": {
            "exp": "0x285f6219a5465ae003c39f309c28f02c6dc40b978bd4d3f0b6b0903c65b531f0",
            "got": "0xedf3cb92d833d44f5b93e5be85524791d1264e53847290fefb3cbca94a5d18aa"
        },
        "keyvals": [
            {
                "key": "0x0d000000000000000000000000000000000000000000000000000000000000",
                "diff": {
                    "exp": "0x02000000000000000000000000000000070000000c00000002000000000000000000000000000000040000000b00000002000000000000000000000000000000040000000c00000002000000000000000000000000000000070000000a00000002000000000000000000000000000000040000000b00000002000000000000000000000000000000070000000c00000002000000000000000000000000000000070000000a00000002000000000000000000000000000000040000000c00000001000000000000000000000000000000040000000b00000002000000000000000000000000000000050000000b00000003000000000000000000000000000000080000000a00000002000000000000000000000000000000080000000c00000080ed0500000000810d88e980ed0600000000814d88e902925bae9400000188e90000000002c125090000622ae7be00000188e90000000000000000",
                    "got": "0x02000000000000000000000000000000070000000c00000002000000000000000000000000000000040000000b00000002000000000000000000000000000000040000000c00000002000000000000000000000000000000070000000a00000002000000000000000000000000000000040000000b00000002000000000000000000000000000000070000000c00000002000000000000000000000000000000070000000a00000002000000000000000000000000000000040000000c00000001000000000000000000000000000000040000000b00000002000000000000000000000000000000050000000b00000003000000000000000000000000000000080000000a00000002000000000000000000000000000000080000000c00000080ed0500000000810d88e980ed0600000000814d88e902925bae9400000188e90000000002c1606d0000622ae7be00000188e90000000000000000"
                }
            },
            {
                "key": "0x92885b40ae09947247ff8a219c4e6a6f020aa998bc8147f11af66f0ce17179",
                "diff": {
                    "exp": "0x01",
                    "got": "0x13"
                }
            },
            {
                "key": "0x928e5b26ae4e948f29a461f8df4e2eb581d5d6416d011dd2ca3793fa4e263b",
                "diff": {
                    "exp": "0x060403746d700504657865630a096273732d636865636b0a09636f64655f686173680b0a696e76616c69642d68630d0c686f737463616c6c2d676173",
                    "got": "0x070403746d700504657865630a096273732d636865636b0a09636f64655f686173680b0a696e76616c69642d68630d0c686f737463616c6c2d676173100f686f737463616c6c2d61737369676e"
                }
            },
            {
                "key": "0x92f65b8caea494acbb6d505a7d597d1e66287497dde2dba974e3f1e48fc06a",
                "diff": {
                    "exp": "0x",
                    "got": "0xfaffffffffffffff"
                }
            },
            {
                "key": "0xff92005b00ae00940000000000000000000000000000000000000000000000",
                "diff": {
                    "exp": "0xc66e2745966b4e123809c843f0461394ce8c00df7db6e167614676a569fae4c66447020000000000102700000000000010270000000000006132010000000000000000000000000009000000060000003b00000000000000",
                    "got": "0xc66e2745966b4e123809c843f0461394ce8c00df7db6e167614676a569fae4c6644702000000000010270000000000001027000000000000ac3201000000000000000000000000000a000000060000003b00000000000000"
                }
            }
        ]
    }
}
