{
  "info": {
    "name": "polkajam",
    "app_version": {
      "major": 0,
      "minor": 1,
      "patch": 25
    },
    "jam_version": {
      "major": 0,
      "minor": 7,
      "patch": 0
    }
  },
  "stats": {
    "steps": 100,
    "imported": 100,
    "import_max_step": 1,
    "import_min": 1.1578330000000001,
    "import_max": 6.5921460000000005,
    "import_mean": 1.7037406099999997,
    "import_p50": 1.552,
    "import_p75": 1.893,
    "import_p90": 2.215,
    "import_p99": 2.723,
    "import_std_dev": 0.639189038675229
  }
}
