{
  "info": {
    "name": "polkajam",
    "app_version": {
      "major": 0,
      "minor": 1,
      "patch": 25
    },
    "jam_version": {
      "major": 0,
      "minor": 7,
      "patch": 0
    }
  },
  "stats": {
    "steps": 100,
    "imported": 100,
    "import_max_step": 19,
    "import_min": 1.5499260000000001,
    "import_max": 19.744108,
    "import_mean": 5.879569470000001,
    "import_p50": 5.276,
    "import_p75": 7.775,
    "import_p90": 9.92,
    "import_p99": 12.736,
    "import_std_dev": 3.4456581499506282
  }
}
